web-scraper-order,counties,counties-href,available
"1714624845-1","AirDNA data in Yarmouth Port, Massachusetts","https://www.airdna.co/vacation-rental-data/app/us/massachusetts/yarmouth-port/overview","148"
"1714624847-2","AirDNA data in Worcester, Massachusetts","https://www.airdna.co/vacation-rental-data/app/us/massachusetts/worcester/overview","360"
"1714624849-3","AirDNA data in Woods Hole, Massachusetts","https://www.airdna.co/vacation-rental-data/app/us/massachusetts/woods-hole/overview","55"
"1714624851-4","AirDNA data in Woburn, Massachusetts","https://www.airdna.co/vacation-rental-data/app/us/massachusetts/woburn/overview","211"
"1714624853-5","AirDNA data in Winthrop, Massachusetts","https://www.airdna.co/vacation-rental-data/app/us/massachusetts/winthrop/overview","72"
"1714624856-6","AirDNA data in Winchester, Massachusetts","https://www.airdna.co/vacation-rental-data/app/us/massachusetts/winchester/overview","16"
"1714624858-7","AirDNA data in Winchendon, Massachusetts","https://www.airdna.co/vacation-rental-data/app/us/massachusetts/winchendon/overview","13"
"1714624860-8","AirDNA data in Wilmington, Massachusetts","https://www.airdna.co/vacation-rental-data/app/us/massachusetts/wilmington/overview","46"
"1714624862-9","AirDNA data in Williamstown, Massachusetts","https://www.airdna.co/vacation-rental-data/app/us/massachusetts/williamstown/overview","171"
"1714624865-10","AirDNA data in Williamsburg, Massachusetts","https://www.airdna.co/vacation-rental-data/app/us/massachusetts/williamsburg/overview","37"
"1714624867-11","AirDNA data in Westport, Massachusetts","https://www.airdna.co/vacation-rental-data/app/us/massachusetts/westport/overview","88"
"1714624869-12","AirDNA data in Westport Point, Massachusetts","https://www.airdna.co/vacation-rental-data/app/us/massachusetts/westport-point/overview","16"
"1714624871-13","AirDNA data in Weston, Massachusetts","https://www.airdna.co/vacation-rental-data/app/us/massachusetts/weston/overview","15"
"1714624874-14","AirDNA data in Westminster, Massachusetts","https://www.airdna.co/vacation-rental-data/app/us/massachusetts/westminster/overview","18"
"1714624876-15","AirDNA data in Westford, Massachusetts","https://www.airdna.co/vacation-rental-data/app/us/massachusetts/westford/overview","17"
"1714624878-16","AirDNA data in Westfield, Massachusetts","https://www.airdna.co/vacation-rental-data/app/us/massachusetts/westfield/overview","58"
"1714624881-17","AirDNA data in Westborough, Massachusetts","https://www.airdna.co/vacation-rental-data/app/us/massachusetts/westborough/overview","62"
"1714624883-18","AirDNA data in West Yarmouth, Massachusetts","https://www.airdna.co/vacation-rental-data/app/us/massachusetts/west-yarmouth/overview","422"
"1714624885-19","AirDNA data in West Wareham, Massachusetts","https://www.airdna.co/vacation-rental-data/app/us/massachusetts/west-wareham/overview","20"
"1714624887-20","AirDNA data in West Tisbury, Massachusetts","https://www.airdna.co/vacation-rental-data/app/us/massachusetts/west-tisbury/overview","201"
"1714624889-21","AirDNA data in West Stockbridge, Massachusetts","https://www.airdna.co/vacation-rental-data/app/us/massachusetts/west-stockbridge/overview","62"
"1714624892-22","AirDNA data in West Roxbury, Massachusetts","https://www.airdna.co/vacation-rental-data/app/us/massachusetts/west-roxbury/overview","71"
"1714624894-23","AirDNA data in West Newton, Massachusetts","https://www.airdna.co/vacation-rental-data/app/us/massachusetts/west-newton/overview","27"
"1714624896-24","AirDNA data in West Hyannisport, Massachusetts","https://www.airdna.co/vacation-rental-data/app/us/massachusetts/west-hyannisport/overview","26"
"1714624898-25","AirDNA data in West Harwich, Massachusetts","https://www.airdna.co/vacation-rental-data/app/us/massachusetts/west-harwich/overview","122"
"1714624901-26","AirDNA data in West Dennis, Massachusetts","https://www.airdna.co/vacation-rental-data/app/us/massachusetts/west-dennis/overview","213"
"1714624903-27","AirDNA data in West Chatham, Massachusetts","https://www.airdna.co/vacation-rental-data/app/us/massachusetts/west-chatham/overview","63"
"1714624905-28","AirDNA data in West Brookfield, Massachusetts","https://www.airdna.co/vacation-rental-data/app/us/massachusetts/west-brookfield/overview","13"
"1714624907-29","AirDNA data in West Barnstable, Massachusetts","https://www.airdna.co/vacation-rental-data/app/us/massachusetts/west-barnstable/overview","49"
"1714624910-30","AirDNA data in Wellfleet, Massachusetts","https://www.airdna.co/vacation-rental-data/app/us/massachusetts/wellfleet/overview","469"
"1714624912-31","AirDNA data in Wellesley, Massachusetts","https://www.airdna.co/vacation-rental-data/app/us/massachusetts/wellesley/overview","23"
"1714624914-32","AirDNA data in Wellesley Hills, Massachusetts","https://www.airdna.co/vacation-rental-data/app/us/massachusetts/wellesley-hills/overview","14"
"1714624917-33","AirDNA data in Webster, Massachusetts","https://www.airdna.co/vacation-rental-data/app/us/massachusetts/webster/overview","25"
"1714624919-34","AirDNA data in Wayland, Massachusetts","https://www.airdna.co/vacation-rental-data/app/us/massachusetts/wayland/overview","18"
"1714624921-35","AirDNA data in Watertown, Massachusetts","https://www.airdna.co/vacation-rental-data/app/us/massachusetts/watertown/overview","181"
"1714624923-36","AirDNA data in Wareham, Massachusetts","https://www.airdna.co/vacation-rental-data/app/us/massachusetts/wareham/overview","110"
"1714624926-37","AirDNA data in Ware, Massachusetts","https://www.airdna.co/vacation-rental-data/app/us/massachusetts/ware/overview","17"
"1714624928-38","AirDNA data in Waltham, Massachusetts","https://www.airdna.co/vacation-rental-data/app/us/massachusetts/waltham/overview","175"
"1714624930-39","AirDNA data in Wakefield, Massachusetts","https://www.airdna.co/vacation-rental-data/app/us/massachusetts/wakefield/overview","92"
"1714624932-40","AirDNA data in Vineyard Haven, Massachusetts","https://www.airdna.co/vacation-rental-data/app/us/massachusetts/vineyard-haven/overview","289"
"1714624934-41","AirDNA data in Truro, Massachusetts","https://www.airdna.co/vacation-rental-data/app/us/massachusetts/truro/overview","129"
"1714624937-42","AirDNA data in Tewksbury, Massachusetts","https://www.airdna.co/vacation-rental-data/app/us/massachusetts/tewksbury/overview","22"
"1714624939-43","AirDNA data in Taunton, Massachusetts","https://www.airdna.co/vacation-rental-data/app/us/massachusetts/taunton/overview","47"
"1714624941-44","AirDNA data in Swansea, Massachusetts","https://www.airdna.co/vacation-rental-data/app/us/massachusetts/swansea/overview","11"
"1714624943-45","AirDNA data in Swampscott, Massachusetts","https://www.airdna.co/vacation-rental-data/app/us/massachusetts/swampscott/overview","53"
"1714624945-46","AirDNA data in Sturbridge, Massachusetts","https://www.airdna.co/vacation-rental-data/app/us/massachusetts/sturbridge/overview","18"
"1714624948-47","AirDNA data in Stoughton, Massachusetts","https://www.airdna.co/vacation-rental-data/app/us/massachusetts/stoughton/overview","29"
"1714624950-48","AirDNA data in Stoneham, Massachusetts","https://www.airdna.co/vacation-rental-data/app/us/massachusetts/stoneham/overview","32"
"1714624952-49","AirDNA data in Stockbridge, Massachusetts","https://www.airdna.co/vacation-rental-data/app/us/massachusetts/stockbridge/overview","73"
"1714624954-50","AirDNA data in Springfield, Massachusetts","https://www.airdna.co/vacation-rental-data/app/us/massachusetts/springfield/overview","224"
"1714624957-51","AirDNA data in Spencer, Massachusetts","https://www.airdna.co/vacation-rental-data/app/us/massachusetts/spencer/overview","15"
"1714624959-52","AirDNA data in Southwick, Massachusetts","https://www.airdna.co/vacation-rental-data/app/us/massachusetts/southwick/overview","41"
"1714624962-53","AirDNA data in Southfield, Massachusetts","https://www.airdna.co/vacation-rental-data/app/us/massachusetts/southfield/overview","27"
"1714624964-54","AirDNA data in Southborough, Massachusetts","https://www.airdna.co/vacation-rental-data/app/us/massachusetts/southborough/overview","14"
"1714624966-55","AirDNA data in South Yarmouth, Massachusetts","https://www.airdna.co/vacation-rental-data/app/us/massachusetts/south-yarmouth/overview","444"
"1714624968-56","AirDNA data in South Wellfleet, Massachusetts","https://www.airdna.co/vacation-rental-data/app/us/massachusetts/south-wellfleet/overview","77"
"1714624971-57","AirDNA data in South Lee, Massachusetts","https://www.airdna.co/vacation-rental-data/app/us/massachusetts/south-lee/overview","14"
"1714624973-58","AirDNA data in South Hadley, Massachusetts","https://www.airdna.co/vacation-rental-data/app/us/massachusetts/south-hadley/overview","23"
"1714624975-59","AirDNA data in South Egremont, Massachusetts","https://www.airdna.co/vacation-rental-data/app/us/massachusetts/south-egremont/overview","33"
"1714624977-60","AirDNA data in South Dennis, Massachusetts","https://www.airdna.co/vacation-rental-data/app/us/massachusetts/south-dennis/overview","178"
"1714624980-61","AirDNA data in South Deerfield, Massachusetts","https://www.airdna.co/vacation-rental-data/app/us/massachusetts/south-deerfield/overview","17"
"1714624982-62","AirDNA data in South Dartmouth, Massachusetts","https://www.airdna.co/vacation-rental-data/app/us/massachusetts/south-dartmouth/overview","64"
"1714624984-63","AirDNA data in South Chatham, Massachusetts","https://www.airdna.co/vacation-rental-data/app/us/massachusetts/south-chatham/overview","182"
"1714624986-64","AirDNA data in Somerville, Massachusetts","https://www.airdna.co/vacation-rental-data/app/us/massachusetts/somerville/overview","561"
"1714624989-65","AirDNA data in Somerset, Massachusetts","https://www.airdna.co/vacation-rental-data/app/us/massachusetts/somerset/overview","30"
"1714624991-66","AirDNA data in Siasconset, Massachusetts","https://www.airdna.co/vacation-rental-data/app/us/massachusetts/siasconset/overview","106"
"1714624993-67","AirDNA data in Shrewsbury, Massachusetts","https://www.airdna.co/vacation-rental-data/app/us/massachusetts/shrewsbury/overview","52"
"1714624996-68","AirDNA data in Shelburne Falls, Massachusetts","https://www.airdna.co/vacation-rental-data/app/us/massachusetts/shelburne-falls/overview","60"
"1714624998-69","AirDNA data in Sheffield, Massachusetts","https://www.airdna.co/vacation-rental-data/app/us/massachusetts/sheffield/overview","61"
"1714625000-70","AirDNA data in Sharon, Massachusetts","https://www.airdna.co/vacation-rental-data/app/us/massachusetts/sharon/overview","53"
"1714625002-71","AirDNA data in Scituate, Massachusetts","https://www.airdna.co/vacation-rental-data/app/us/massachusetts/scituate/overview","161"
"1714625004-72","AirDNA data in Saugus, Massachusetts","https://www.airdna.co/vacation-rental-data/app/us/massachusetts/saugus/overview","34"
"1714625007-73","AirDNA data in Sandwich, Massachusetts","https://www.airdna.co/vacation-rental-data/app/us/massachusetts/sandwich/overview","227"
"1714625009-74","AirDNA data in Sandisfield, Massachusetts","https://www.airdna.co/vacation-rental-data/app/us/massachusetts/sandisfield/overview","31"
"1714625011-75","AirDNA data in Salisbury, Massachusetts","https://www.airdna.co/vacation-rental-data/app/us/massachusetts/salisbury/overview","154"
"1714625013-76","AirDNA data in Salem, Massachusetts","https://www.airdna.co/vacation-rental-data/app/us/massachusetts/salem/overview","440"
"1714625016-77","AirDNA data in Sagamore Beach, Massachusetts","https://www.airdna.co/vacation-rental-data/app/us/massachusetts/sagamore-beach/overview","113"
"1714625018-78","AirDNA data in Rutland, Massachusetts","https://www.airdna.co/vacation-rental-data/app/us/massachusetts/rutland/overview","12"
"1714625020-79","AirDNA data in Roxbury, Massachusetts","https://www.airdna.co/vacation-rental-data/app/us/massachusetts/roxbury/overview","269"
"1714625022-80","AirDNA data in Roxbury Crossing, Massachusetts","https://www.airdna.co/vacation-rental-data/app/us/massachusetts/roxbury-crossing/overview","87"
"1714625025-81","AirDNA data in Rowley, Massachusetts","https://www.airdna.co/vacation-rental-data/app/us/massachusetts/rowley/overview","13"
"1714625027-82","AirDNA data in Roslindale, Massachusetts","https://www.airdna.co/vacation-rental-data/app/us/massachusetts/roslindale/overview","87"
"1714625029-83","AirDNA data in Rockport, Massachusetts","https://www.airdna.co/vacation-rental-data/app/us/massachusetts/rockport/overview","308"
"1714625031-84","AirDNA data in Richmond, Massachusetts","https://www.airdna.co/vacation-rental-data/app/us/massachusetts/richmond/overview","27"
"1714625034-85","AirDNA data in Revere, Massachusetts","https://www.airdna.co/vacation-rental-data/app/us/massachusetts/revere/overview","182"
"1714625036-86","AirDNA data in Rehoboth, Massachusetts","https://www.airdna.co/vacation-rental-data/app/us/massachusetts/rehoboth/overview","14"
"1714625038-87","AirDNA data in Randolph, Massachusetts","https://www.airdna.co/vacation-rental-data/app/us/massachusetts/randolph/overview","42"
"1714625040-88","AirDNA data in Quincy, Massachusetts","https://www.airdna.co/vacation-rental-data/app/us/massachusetts/quincy/overview","230"
"1714625042-89","AirDNA data in Provincetown, Massachusetts","https://www.airdna.co/vacation-rental-data/app/us/massachusetts/provincetown/overview","1,186"
"1714625045-90","AirDNA data in Pocasset, Massachusetts","https://www.airdna.co/vacation-rental-data/app/us/massachusetts/pocasset/overview","89"
"1714625047-91","AirDNA data in Plymouth, Massachusetts","https://www.airdna.co/vacation-rental-data/app/us/massachusetts/plymouth/overview","469"
"1714625049-92","AirDNA data in Pittsfield, Massachusetts","https://www.airdna.co/vacation-rental-data/app/us/massachusetts/pittsfield/overview","201"
"1714625051-93","AirDNA data in Peabody, Massachusetts","https://www.airdna.co/vacation-rental-data/app/us/massachusetts/peabody/overview","37"
"1714625054-94","AirDNA data in Palmer, Massachusetts","https://www.airdna.co/vacation-rental-data/app/us/massachusetts/palmer/overview","20"
"1714625056-95","AirDNA data in Otis, Massachusetts","https://www.airdna.co/vacation-rental-data/app/us/massachusetts/otis/overview","36"
"1714625058-96","AirDNA data in Osterville, Massachusetts","https://www.airdna.co/vacation-rental-data/app/us/massachusetts/osterville/overview","138"
"1714625061-97","AirDNA data in Orleans, Massachusetts","https://www.airdna.co/vacation-rental-data/app/us/massachusetts/orleans/overview","446"
"1714625063-98","AirDNA data in Orange, Massachusetts","https://www.airdna.co/vacation-rental-data/app/us/massachusetts/orange/overview","28"
"1714625065-99","AirDNA data in Onset, Massachusetts","https://www.airdna.co/vacation-rental-data/app/us/massachusetts/onset/overview","81"
"1714625068-100","AirDNA data in Oak Bluffs, Massachusetts","https://www.airdna.co/vacation-rental-data/app/us/massachusetts/oak-bluffs/overview","613"
"1714625070-101","AirDNA data in Norwood, Massachusetts","https://www.airdna.co/vacation-rental-data/app/us/massachusetts/norwood/overview","15"
"1714625072-102","AirDNA data in Northampton, Massachusetts","https://www.airdna.co/vacation-rental-data/app/us/massachusetts/northampton/overview","112"
"1714625074-103","AirDNA data in North Weymouth, Massachusetts","https://www.airdna.co/vacation-rental-data/app/us/massachusetts/north-weymouth/overview","19"
"1714625077-104","AirDNA data in North Truro, Massachusetts","https://www.airdna.co/vacation-rental-data/app/us/massachusetts/north-truro/overview","351"
"1714625079-105","AirDNA data in North Falmouth, Massachusetts","https://www.airdna.co/vacation-rental-data/app/us/massachusetts/north-falmouth/overview","140"
"1714625081-106","AirDNA data in North Chatham, Massachusetts","https://www.airdna.co/vacation-rental-data/app/us/massachusetts/north-chatham/overview","92"
"1714625083-107","AirDNA data in North Andover, Massachusetts","https://www.airdna.co/vacation-rental-data/app/us/massachusetts/north-andover/overview","57"
"1714625086-108","AirDNA data in North Adams, Massachusetts","https://www.airdna.co/vacation-rental-data/app/us/massachusetts/north-adams/overview","149"
"1714625088-109","AirDNA data in Newtonville, Massachusetts","https://www.airdna.co/vacation-rental-data/app/us/massachusetts/newtonville/overview","45"
"1714625090-110","AirDNA data in Newton, Massachusetts","https://www.airdna.co/vacation-rental-data/app/us/massachusetts/newton/overview","63"
"1714625092-111","AirDNA data in Newton Highlands, Massachusetts","https://www.airdna.co/vacation-rental-data/app/us/massachusetts/newton-highlands/overview","36"
"1714625095-112","AirDNA data in Newton Center, Massachusetts","https://www.airdna.co/vacation-rental-data/app/us/massachusetts/newton-center/overview","47"
"1714625097-113","AirDNA data in Newburyport, Massachusetts","https://www.airdna.co/vacation-rental-data/app/us/massachusetts/newburyport/overview","175"
"1714625099-114","AirDNA data in Newbury, Massachusetts","https://www.airdna.co/vacation-rental-data/app/us/massachusetts/newbury/overview","116"
"1714625102-115","AirDNA data in New Bedford, Massachusetts","https://www.airdna.co/vacation-rental-data/app/us/massachusetts/new-bedford/overview","76"
"1714625104-116","AirDNA data in Natick, Massachusetts","https://www.airdna.co/vacation-rental-data/app/us/massachusetts/natick/overview","23"
"1714625106-117","AirDNA data in Nantucket, Massachusetts","https://www.airdna.co/vacation-rental-data/app/us/massachusetts/nantucket/overview","1,220"
"1714625108-118","AirDNA data in Nahant, Massachusetts","https://www.airdna.co/vacation-rental-data/app/us/massachusetts/nahant/overview","45"
"1714625111-119","AirDNA data in Monterey, Massachusetts","https://www.airdna.co/vacation-rental-data/app/us/massachusetts/monterey/overview","62"
"1714625113-120","AirDNA data in Montague, Massachusetts","https://www.airdna.co/vacation-rental-data/app/us/massachusetts/montague/overview","9"
"1714625115-121","AirDNA data in Milton, Massachusetts","https://www.airdna.co/vacation-rental-data/app/us/massachusetts/milton/overview","43"
"1714625117-122","AirDNA data in Millbury, Massachusetts","https://www.airdna.co/vacation-rental-data/app/us/massachusetts/millbury/overview","10"
"1714625120-123","AirDNA data in Milford, Massachusetts","https://www.airdna.co/vacation-rental-data/app/us/massachusetts/milford/overview","49"
"1714625122-124","AirDNA data in Methuen, Massachusetts","https://www.airdna.co/vacation-rental-data/app/us/massachusetts/methuen/overview","24"
"1714625124-125","AirDNA data in Melrose, Massachusetts","https://www.airdna.co/vacation-rental-data/app/us/massachusetts/melrose/overview","60"
"1714625126-126","AirDNA data in Medford, Massachusetts","https://www.airdna.co/vacation-rental-data/app/us/massachusetts/medford/overview","247"
"1714625129-127","AirDNA data in Mattapoisett, Massachusetts","https://www.airdna.co/vacation-rental-data/app/us/massachusetts/mattapoisett/overview","57"
"1714625131-128","AirDNA data in Mattapan, Massachusetts","https://www.airdna.co/vacation-rental-data/app/us/massachusetts/mattapan/overview","67"
"1714625133-129","AirDNA data in Mashpee, Massachusetts","https://www.airdna.co/vacation-rental-data/app/us/massachusetts/mashpee/overview","475"
"1714625135-130","AirDNA data in Marstons Mills, Massachusetts","https://www.airdna.co/vacation-rental-data/app/us/massachusetts/marstons-mills/overview","69"
"1714625138-131","AirDNA data in Marshfield, Massachusetts","https://www.airdna.co/vacation-rental-data/app/us/massachusetts/marshfield/overview","130"
"1714625140-132","AirDNA data in Marlborough, Massachusetts","https://www.airdna.co/vacation-rental-data/app/us/massachusetts/marlborough/overview","50"
"1714625142-133","AirDNA data in Marion, Massachusetts","https://www.airdna.co/vacation-rental-data/app/us/massachusetts/marion/overview","50"
"1714625144-134","AirDNA data in Marblehead, Massachusetts","https://www.airdna.co/vacation-rental-data/app/us/massachusetts/marblehead/overview","210"
"1714625147-135","AirDNA data in Mansfield, Massachusetts","https://www.airdna.co/vacation-rental-data/app/us/massachusetts/mansfield/overview","20"
"1714625149-136","AirDNA data in Manchester, Massachusetts","https://www.airdna.co/vacation-rental-data/app/us/massachusetts/manchester/overview","43"
"1714625151-137","AirDNA data in Malden, Massachusetts","https://www.airdna.co/vacation-rental-data/app/us/massachusetts/malden/overview","192"
"1714625153-138","AirDNA data in Lynn, Massachusetts","https://www.airdna.co/vacation-rental-data/app/us/massachusetts/lynn/overview","103"
"1714625156-139","AirDNA data in Lowell, Massachusetts","https://www.airdna.co/vacation-rental-data/app/us/massachusetts/lowell/overview","98"
"1714625158-140","AirDNA data in Littleton, Massachusetts","https://www.airdna.co/vacation-rental-data/app/us/massachusetts/littleton/overview","23"
"1714625160-141","AirDNA data in Lexington, Massachusetts","https://www.airdna.co/vacation-rental-data/app/us/massachusetts/lexington/overview","50"
"1714625162-142","AirDNA data in Leominster, Massachusetts","https://www.airdna.co/vacation-rental-data/app/us/massachusetts/leominster/overview","20"
"1714625165-143","AirDNA data in Lenox, Massachusetts","https://www.airdna.co/vacation-rental-data/app/us/massachusetts/lenox/overview","222"
"1714625167-144","AirDNA data in Leicester, Massachusetts","https://www.airdna.co/vacation-rental-data/app/us/massachusetts/leicester/overview","20"
"1714625169-145","AirDNA data in Lee, Massachusetts","https://www.airdna.co/vacation-rental-data/app/us/massachusetts/lee/overview","160"
"1714625171-146","AirDNA data in Lawrence, Massachusetts","https://www.airdna.co/vacation-rental-data/app/us/massachusetts/lawrence/overview","41"
"1714625173-147","AirDNA data in Lanesboro, Massachusetts","https://www.airdna.co/vacation-rental-data/app/us/massachusetts/lanesboro/overview","220"
"1714625176-148","AirDNA data in Lakeville, Massachusetts","https://www.airdna.co/vacation-rental-data/app/us/massachusetts/lakeville/overview","18"
"1714625178-149","AirDNA data in Kingston, Massachusetts","https://www.airdna.co/vacation-rental-data/app/us/massachusetts/kingston/overview","23"
"1714625180-150","AirDNA data in Jamaica Plain, Massachusetts","https://www.airdna.co/vacation-rental-data/app/us/massachusetts/jamaica-plain/overview","202"
"1714625182-151","AirDNA data in Ipswich, Massachusetts","https://www.airdna.co/vacation-rental-data/app/us/massachusetts/ipswich/overview","76"
"1714625185-152","AirDNA data in Indian Orchard, Massachusetts","https://www.airdna.co/vacation-rental-data/app/us/massachusetts/indian-orchard/overview","13"
"1714625187-153","AirDNA data in Hyde Park, Massachusetts","https://www.airdna.co/vacation-rental-data/app/us/massachusetts/hyde-park/overview","55"
"1714625189-154","AirDNA data in Hyannis, Massachusetts","https://www.airdna.co/vacation-rental-data/app/us/massachusetts/hyannis/overview","415"
"1714625191-155","AirDNA data in Hyannis Port, Massachusetts","https://www.airdna.co/vacation-rental-data/app/us/massachusetts/hyannis-port/overview","23"
"1714625194-156","AirDNA data in Huntington, Massachusetts","https://www.airdna.co/vacation-rental-data/app/us/massachusetts/huntington/overview","25"
"1714625196-157","AirDNA data in Humarock, Massachusetts","https://www.airdna.co/vacation-rental-data/app/us/massachusetts/humarock/overview","51"
"1714625198-158","AirDNA data in Hull, Massachusetts","https://www.airdna.co/vacation-rental-data/app/us/massachusetts/hull/overview","86"
"1714625200-159","AirDNA data in Hubbardston, Massachusetts","https://www.airdna.co/vacation-rental-data/app/us/massachusetts/hubbardston/overview","24"
"1714625202-160","AirDNA data in Housatonic, Massachusetts","https://www.airdna.co/vacation-rental-data/app/us/massachusetts/housatonic/overview","42"
"1714625205-161","AirDNA data in Holyoke, Massachusetts","https://www.airdna.co/vacation-rental-data/app/us/massachusetts/holyoke/overview","45"
"1714625207-162","AirDNA data in Holland, Massachusetts","https://www.airdna.co/vacation-rental-data/app/us/massachusetts/holland/overview","26"
"1714625209-163","AirDNA data in Hinsdale, Massachusetts","https://www.airdna.co/vacation-rental-data/app/us/massachusetts/hinsdale/overview","26"
"1714625211-164","AirDNA data in Hingham, Massachusetts","https://www.airdna.co/vacation-rental-data/app/us/massachusetts/hingham/overview","16"
"1714625214-165","AirDNA data in Haverhill, Massachusetts","https://www.airdna.co/vacation-rental-data/app/us/massachusetts/haverhill/overview","39"
"1714625216-166","AirDNA data in Harwich, Massachusetts","https://www.airdna.co/vacation-rental-data/app/us/massachusetts/harwich/overview","301"
"1714625218-167","AirDNA data in Harwich Port, Massachusetts","https://www.airdna.co/vacation-rental-data/app/us/massachusetts/harwich-port/overview","238"
"1714625220-168","AirDNA data in Hadley, Massachusetts","https://www.airdna.co/vacation-rental-data/app/us/massachusetts/hadley/overview","23"
"1714625222-169","AirDNA data in Groton, Massachusetts","https://www.airdna.co/vacation-rental-data/app/us/massachusetts/groton/overview","22"
"1714625225-170","AirDNA data in Greenfield, Massachusetts","https://www.airdna.co/vacation-rental-data/app/us/massachusetts/greenfield/overview","29"
"1714625227-171","AirDNA data in Great Barrington, Massachusetts","https://www.airdna.co/vacation-rental-data/app/us/massachusetts/great-barrington/overview","342"
"1714625229-172","AirDNA data in Granville, Massachusetts","https://www.airdna.co/vacation-rental-data/app/us/massachusetts/granville/overview","16"
"1714625231-173","AirDNA data in Granby, Massachusetts","https://www.airdna.co/vacation-rental-data/app/us/massachusetts/granby/overview","16"
"1714625234-174","AirDNA data in Gloucester, Massachusetts","https://www.airdna.co/vacation-rental-data/app/us/massachusetts/gloucester/overview","397"
"1714625236-175","AirDNA data in Franklin, Massachusetts","https://www.airdna.co/vacation-rental-data/app/us/massachusetts/franklin/overview","54"
"1714625238-176","AirDNA data in Framingham, Massachusetts","https://www.airdna.co/vacation-rental-data/app/us/massachusetts/framingham/overview","78"
"1714625240-177","AirDNA data in Foxboro, Massachusetts","https://www.airdna.co/vacation-rental-data/app/us/massachusetts/foxboro/overview","144"
"1714625243-178","AirDNA data in Forestdale, Massachusetts","https://www.airdna.co/vacation-rental-data/app/us/massachusetts/forestdale/overview","19"
"1714625245-179","AirDNA data in Florence, Massachusetts","https://www.airdna.co/vacation-rental-data/app/us/massachusetts/florence/overview","59"
"1714625247-180","AirDNA data in Fitchburg, Massachusetts","https://www.airdna.co/vacation-rental-data/app/us/massachusetts/fitchburg/overview","32"
"1714625249-181","AirDNA data in Falmouth, Massachusetts","https://www.airdna.co/vacation-rental-data/app/us/massachusetts/falmouth/overview","352"
"1714625252-182","AirDNA data in Fall River, Massachusetts","https://www.airdna.co/vacation-rental-data/app/us/massachusetts/fall-river/overview","44"
"1714625254-183","AirDNA data in Fairhaven, Massachusetts","https://www.airdna.co/vacation-rental-data/app/us/massachusetts/fairhaven/overview","82"
"1714625256-184","AirDNA data in Everett, Massachusetts","https://www.airdna.co/vacation-rental-data/app/us/massachusetts/everett/overview","180"
"1714625258-185","AirDNA data in Essex, Massachusetts","https://www.airdna.co/vacation-rental-data/app/us/massachusetts/essex/overview","35"
"1714625261-186","AirDNA data in Edgartown, Massachusetts","https://www.airdna.co/vacation-rental-data/app/us/massachusetts/edgartown/overview","617"
"1714625263-187","AirDNA data in Easthampton, Massachusetts","https://www.airdna.co/vacation-rental-data/app/us/massachusetts/easthampton/overview","41"
"1714625265-188","AirDNA data in Eastham, Massachusetts","https://www.airdna.co/vacation-rental-data/app/us/massachusetts/eastham/overview","633"
"1714625267-189","AirDNA data in East Wareham, Massachusetts","https://www.airdna.co/vacation-rental-data/app/us/massachusetts/east-wareham/overview","27"
"1714625269-190","AirDNA data in East Sandwich, Massachusetts","https://www.airdna.co/vacation-rental-data/app/us/massachusetts/east-sandwich/overview","290"
"1714625272-191","AirDNA data in East Otis, Massachusetts","https://www.airdna.co/vacation-rental-data/app/us/massachusetts/east-otis/overview","40"
"1714625274-192","AirDNA data in East Orleans, Massachusetts","https://www.airdna.co/vacation-rental-data/app/us/massachusetts/east-orleans/overview","62"
"1714625276-193","AirDNA data in East Falmouth, Massachusetts","https://www.airdna.co/vacation-rental-data/app/us/massachusetts/east-falmouth/overview","496"
"1714625278-194","AirDNA data in East Dennis, Massachusetts","https://www.airdna.co/vacation-rental-data/app/us/massachusetts/east-dennis/overview","49"
"1714625280-195","AirDNA data in Duxbury, Massachusetts","https://www.airdna.co/vacation-rental-data/app/us/massachusetts/duxbury/overview","36"
"1714625283-196","AirDNA data in Dracut, Massachusetts","https://www.airdna.co/vacation-rental-data/app/us/massachusetts/dracut/overview","48"
"1714625285-197","AirDNA data in Dorchester, Massachusetts","https://www.airdna.co/vacation-rental-data/app/us/massachusetts/dorchester/overview","543"
"1714625287-198","AirDNA data in Dorchester Center, Massachusetts","https://www.airdna.co/vacation-rental-data/app/us/massachusetts/dorchester-center/overview","171"
"1714625289-199","AirDNA data in Dennis, Massachusetts","https://www.airdna.co/vacation-rental-data/app/us/massachusetts/dennis/overview","202"
"1714625291-200","AirDNA data in Dennis Port, Massachusetts","https://www.airdna.co/vacation-rental-data/app/us/massachusetts/dennis-port/overview","715"
"1714625294-201","AirDNA data in Dedham, Massachusetts","https://www.airdna.co/vacation-rental-data/app/us/massachusetts/dedham/overview","46"
"1714625296-202","AirDNA data in Danvers, Massachusetts","https://www.airdna.co/vacation-rental-data/app/us/massachusetts/danvers/overview","44"
"1714625298-203","AirDNA data in Dalton, Massachusetts","https://www.airdna.co/vacation-rental-data/app/us/massachusetts/dalton/overview","15"
"1714625300-204","AirDNA data in Cummington, Massachusetts","https://www.airdna.co/vacation-rental-data/app/us/massachusetts/cummington/overview","15"
"1714625303-205","AirDNA data in Cotuit, Massachusetts","https://www.airdna.co/vacation-rental-data/app/us/massachusetts/cotuit/overview","89"
"1714625305-206","AirDNA data in Concord, Massachusetts","https://www.airdna.co/vacation-rental-data/app/us/massachusetts/concord/overview","24"
"1714625307-207","AirDNA data in Cohasset, Massachusetts","https://www.airdna.co/vacation-rental-data/app/us/massachusetts/cohasset/overview","30"
"1714625309-208","AirDNA data in Chilmark, Massachusetts","https://www.airdna.co/vacation-rental-data/app/us/massachusetts/chilmark/overview","198"
"1714625311-209","AirDNA data in Chicopee, Massachusetts","https://www.airdna.co/vacation-rental-data/app/us/massachusetts/chicopee/overview","32"
"1714625336-210","AirDNA data in Chiang Mai, Massachusetts","https://www.airdna.co/vacation-rental-data/app/us/massachusetts/chiang-mai/overview",""
"1714625339-211","AirDNA data in Chestnut Hill, Massachusetts","https://www.airdna.co/vacation-rental-data/app/us/massachusetts/chestnut-hill/overview","32"
"1714625341-212","AirDNA data in Cheshire, Massachusetts","https://www.airdna.co/vacation-rental-data/app/us/massachusetts/cheshire/overview","17"
"1714625343-213","AirDNA data in Chelsea, Massachusetts","https://www.airdna.co/vacation-rental-data/app/us/massachusetts/chelsea/overview","116"
"1714625346-214","AirDNA data in Chelmsford, Massachusetts","https://www.airdna.co/vacation-rental-data/app/us/massachusetts/chelmsford/overview","72"
"1714625348-215","AirDNA data in Chatham, Massachusetts","https://www.airdna.co/vacation-rental-data/app/us/massachusetts/chatham/overview","526"
"1714625350-216","AirDNA data in Charlestown, Massachusetts","https://www.airdna.co/vacation-rental-data/app/us/massachusetts/charlestown/overview","87"
"1714625352-217","AirDNA data in Charlemont, Massachusetts","https://www.airdna.co/vacation-rental-data/app/us/massachusetts/charlemont/overview","38"
"1714625354-218","AirDNA data in Centerville, Massachusetts","https://www.airdna.co/vacation-rental-data/app/us/massachusetts/centerville/overview","300"
"1714625357-219","AirDNA data in Cataumet, Massachusetts","https://www.airdna.co/vacation-rental-data/app/us/massachusetts/cataumet/overview","20"
"1714625359-220","AirDNA data in Canton, Massachusetts","https://www.airdna.co/vacation-rental-data/app/us/massachusetts/canton/overview","22"
"1714625361-221","AirDNA data in Cambridge, Massachusetts","https://www.airdna.co/vacation-rental-data/app/us/massachusetts/cambridge/overview","1,249"
"1714625364-222","AirDNA data in Buzzards Bay, Massachusetts","https://www.airdna.co/vacation-rental-data/app/us/massachusetts/buzzards-bay/overview","174"
"1714625366-223","AirDNA data in Burlington, Massachusetts","https://www.airdna.co/vacation-rental-data/app/us/massachusetts/burlington/overview","149"
"1714625368-224","AirDNA data in Brookline, Massachusetts","https://www.airdna.co/vacation-rental-data/app/us/massachusetts/brookline/overview","393"
"1714625370-225","AirDNA data in Brockton, Massachusetts","https://www.airdna.co/vacation-rental-data/app/us/massachusetts/brockton/overview","72"
"1714625373-226","AirDNA data in Brimfield, Massachusetts","https://www.airdna.co/vacation-rental-data/app/us/massachusetts/brimfield/overview","23"
"1714625375-227","AirDNA data in Brighton, Massachusetts","https://www.airdna.co/vacation-rental-data/app/us/massachusetts/brighton/overview","356"
"1714625377-228","AirDNA data in Brewster, Massachusetts","https://www.airdna.co/vacation-rental-data/app/us/massachusetts/brewster/overview","618"
"1714625379-229","AirDNA data in Braintree, Massachusetts","https://www.airdna.co/vacation-rental-data/app/us/massachusetts/braintree/overview","43"
"1714625381-230","AirDNA data in Boston, Massachusetts","https://www.airdna.co/vacation-rental-data/app/us/massachusetts/boston/overview","3,095"
"1714625384-231","AirDNA data in Billerica, Massachusetts","https://www.airdna.co/vacation-rental-data/app/us/massachusetts/billerica/overview","16"
"1714625386-232","AirDNA data in Beverly, Massachusetts","https://www.airdna.co/vacation-rental-data/app/us/massachusetts/beverly/overview","121"
"1714625388-233","AirDNA data in Belmont, Massachusetts","https://www.airdna.co/vacation-rental-data/app/us/massachusetts/belmont/overview","39"
"1714625390-234","AirDNA data in Belchertown, Massachusetts","https://www.airdna.co/vacation-rental-data/app/us/massachusetts/belchertown/overview","26"
"1714625393-235","AirDNA data in Bedford, Massachusetts","https://www.airdna.co/vacation-rental-data/app/us/massachusetts/bedford/overview","14"
"1714625395-236","AirDNA data in Becket, Massachusetts","https://www.airdna.co/vacation-rental-data/app/us/massachusetts/becket/overview","98"
"1714625397-237","AirDNA data in Barnstable, Massachusetts","https://www.airdna.co/vacation-rental-data/app/us/massachusetts/barnstable/overview","81"
"1714625399-238","AirDNA data in Attleboro, Massachusetts","https://www.airdna.co/vacation-rental-data/app/us/massachusetts/attleboro/overview","39"
"1714625402-239","AirDNA data in Athol, Massachusetts","https://www.airdna.co/vacation-rental-data/app/us/massachusetts/athol/overview","25"
"1714625404-240","AirDNA data in Ashfield, Massachusetts","https://www.airdna.co/vacation-rental-data/app/us/massachusetts/ashfield/overview","21"
"1714625406-241","AirDNA data in Ashburnham, Massachusetts","https://www.airdna.co/vacation-rental-data/app/us/massachusetts/ashburnham/overview","19"
"1714625408-242","AirDNA data in Arlington, Massachusetts","https://www.airdna.co/vacation-rental-data/app/us/massachusetts/arlington/overview","116"
"1714625410-243","AirDNA data in Andover, Massachusetts","https://www.airdna.co/vacation-rental-data/app/us/massachusetts/andover/overview","69"
"1714625413-244","AirDNA data in Amherst, Massachusetts","https://www.airdna.co/vacation-rental-data/app/us/massachusetts/amherst/overview","126"
"1714625415-245","AirDNA data in Amesbury, Massachusetts","https://www.airdna.co/vacation-rental-data/app/us/massachusetts/amesbury/overview","18"
"1714625417-246","AirDNA data in Allston, Massachusetts","https://www.airdna.co/vacation-rental-data/app/us/massachusetts/allston/overview","177"
"1714625419-247","AirDNA data in Adams, Massachusetts","https://www.airdna.co/vacation-rental-data/app/us/massachusetts/adams/overview","38"
"1714625422-248","AirDNA data in Acton, Massachusetts","https://www.airdna.co/vacation-rental-data/app/us/massachusetts/acton/overview","33"
"1714625424-249","AirDNA data in Abington, Massachusetts","https://www.airdna.co/vacation-rental-data/app/us/massachusetts/abington/overview","18"
